Handle,Title,Body (HTML),Vendor,Product Category,Type,Tags,Published,Option1 Name,Option1 Value,Option2 Name,Option2 Value,Option3 Name,Option3 Value,Variant SKU,Variant Grams,Variant Inventory Tracker,Variant Inventory Policy,Variant Fulfillment Service,Variant Price,Variant Compare At Price,Variant Requires Shipping,Variant Taxable,Variant Barcode,Image Src,Image Position,Image Alt Text,Gift Card,SEO Title,SEO Description,Google Shopping / Google Product Category,Google Shopping / Gender,Google Shopping / Age Group,Google Shopping / MPN,Google Shopping / Condition,Google Shopping / Custom Product,Google Shopping / Custom Label 0,Google Shopping / Custom Label 1,Google Shopping / Custom Label 2,Google Shopping / Custom Label 3,Google Shopping / Custom Label 4,Variant Image,Variant Weight Unit,Variant Tax Code,Cost per item,Included / Qatar,Price / Qatar,Compare At Price / Qatar,Included / vit,Price / vit,Compare At Price / vit,Included / ุงูุงูุงุฑุงุช ุงูุนุฑุจูุฉ ุงููุชุญุฏุฉ,Price / ุงูุงูุงุฑุงุช ุงูุนุฑุจูุฉ ุงููุชุญุฏุฉ,Compare At Price / ุงูุงูุงุฑุงุช ุงูุนุฑุจูุฉ ุงููุชุญุฏุฉ,Status
beauty-of-joseon-relief-sun-for-sun-relief-rice-probiotics-provides-highest-uva-protection-50-ml,"Beauty of Joseon, Relief Sun for Sun Relief: Rice + Probiotics Provides Highest UVA Protection .50 ml","<p data-mce-fragment=""1""><span data-mce-fragment=""1""><span style=""vertical-align: inherit;""><span style=""vertical-align: inherit;""><font style=""vertical-align: inherit;""><font style=""vertical-align: inherit;"">ููู ุฑุฆูุณู ูู ุชุฃุซูุฑ ุงูุดูุณ ูู ุนุถู ุฐู ุชุฃุซูุฑ ุฎููู ููุฑููู ุนูู ุงููุณูุญูุฉ. ุญุชู ุชุจุฏุฃ ูู ุงูุญุตูู ุนูู ูููุฉ ูุจูุฑุฉ ูู ุงูููุชุ ูุฅู ุงููููุณ ููุณ ูุฒุฌูุงุ ููู ุซู ูููู ูุฏูู ุนุธุงู ููุง ููููู ูุถุน ูุฑูู ุฎููู ููุฒุฌ. ูุญุชูู ูุฐุง ุงูููุชุฌ ุนูู 30% ูู ุงูุฃุฑุฒ ุงูุทุงุฒุฌ ูุฎูุงุตุงุช ุงูุญุจูุจ ุงููุฎูุฑูุฉุ ููุง ูููุฑ ุงูุชุฑุทูุจ ูุงูุชุบุฐูุฉ ุงูุงุฌุชูุงุนูุฉ.</font></font></span></span></span></p>
<div data-mce-fragment=""1""><br data-mce-fragment=""1""></div>
<div data-mce-fragment=""1"">
<span style=""font-size: 0.875rem;"">ููุชูุงูู ุนูู ุงููุฌู ูุงูุฑูุจุฉ ูู ุงููุฑุญูุฉ ุงูุฃุฎูุฑุฉ ูู ุงูุนูุงูุฉ ุจุงูุจุดุฑุฉ ุจุงููุงูู ูู ุงูุตุจุงุญ ูุงูููู.</span><br>
</div>
<div data-mce-fragment=""1""><span data-mce-fragment=""1""><span style=""vertical-align: inherit;""><span style=""vertical-align: inherit;""><font style=""vertical-align: inherit;""><font style=""vertical-align: inherit;"">ุงูููููุงุช</font></font></span></span></span></div>
<div data-mce-fragment=""1""><br data-mce-fragment=""1""></div>
<div data-mce-fragment=""1""><span data-mce-fragment=""1""><span style=""vertical-align: inherit;""><span style=""vertical-align: inherit;""><font style=""vertical-align: inherit;""><font style=""vertical-align: inherit;"">ูุงุกุ ุฒูุช ุฃุฑุฒ (ุฃูุฑูุฒุง ุณุงุชููุง) (30%)ุ ุฏููุชูู ุฃุฏูุจุงุชุ ุจุฑูุจุงูุฏูููุ ุซูุงุฆู ุฅูุซูู ุฃูููู ุฑุจุงุนู ููุฏุฑููุณู ุจูุฒููู ููุณูู ุจูุฒูุงุชุ ุจููู ููุซูู ุณููุณูููููุณุงูุ ุฅูุซูู ููุณูู ุชุฑูุงุฒููุ ููุงุณููุงููุฏุ ุจูุฒ ุจูุฒูุชุฑูุงุฒูููู ููุซูููู ููุซูู ุจูุชูู ูููููุ ููู ูุงุจุฑููุงุช/ูุงุจุฑููุงุชุ ูุงุจุฑููุงุช. . . ููุซููููุ ุซูุงุฆู ุฅูุซูู ููุณูู ุจูุชุงููุฏูุชุฑูุงุฒููุ ุฌููุณุฑูู. ุ ุจูุชูููู ุฌูุงููููุ ุฌูููู ุฑุงูุณ ุฑูุฒ (ุฃูุฑูุฒุง ุณุงุชููุง) (1000 ุฌุฒุก ูู ุงูููููู)ุ ุฃูุฑุงู ุนุทุฑ ุงููุงููููุง ุณููููุณูุณ (ูุงููููุง ุณููููุณูุณ)ุ ุนุทุฑ ุฎููุฑุฉ ุงููุงูุชูุจุงูููููุณ/ุงูููุทููุ ูููุชููุฉ</font></font></span></span></span></div>
<div data-mce-fragment=""1""><span data-mce-fragment=""1""><span style=""vertical-align: inherit;""><span style=""vertical-align: inherit;""><font style=""vertical-align: inherit;""><font style=""vertical-align: inherit;"">ููู ุชุณุชุฎุฏู</font></font></span></span></span></div>
<div data-mce-fragment=""1""><br data-mce-fragment=""1""></div>
<div data-mce-fragment=""1""><span data-mce-fragment=""1""><span style=""vertical-align: inherit;""><span style=""vertical-align: inherit;""><font style=""vertical-align: inherit;""><font style=""vertical-align: inherit;"">ููุชูุงูู ุนูู ุงููุฌู ูุงูุฑูุจุฉ ูู ุงููุฑุญูุฉ ุงูุฃุฎูุฑุฉ ูู ุงูุนูุงูุฉ ุจุงูุจุดุฑุฉ ุจุงููุงูู ูู ุงูุตุจุงุญ ูุงูููู</font></font></span></span></span></div>
<div data-mce-fragment=""1""><span data-mce-fragment=""1""><span style=""vertical-align: inherit;""><span style=""vertical-align: inherit;""><font style=""vertical-align: inherit;""><font style=""vertical-align: inherit;"">ุชุญุฐูุฑุงุช</font></font></span></span></span></div>
<div data-mce-fragment=""1""><br data-mce-fragment=""1""></div>
<div data-mce-fragment=""1""><span data-mce-fragment=""1""><span style=""vertical-align: inherit;""><span style=""vertical-align: inherit;""><font style=""vertical-align: inherit;""><font style=""vertical-align: inherit;"">ููุงุณุชุฎุฏุงู ุงูุฎุงุฑุฌู ููุท.</font></font></span></span></span></div>
<div data-mce-fragment=""1""><span data-mce-fragment=""1""><span style=""vertical-align: inherit;""><span style=""vertical-align: inherit;""><font style=""vertical-align: inherit;""><font style=""vertical-align: inherit;"">ุนูุฏ ุงุณุชุฎุฏุงู ูุฐุง ุงูููุชุฌ ุชุฌูุจ ููุงูุณุฉ ุงูุนูููู.</font></font></span></span></span></div>
<div data-mce-fragment=""1""><span data-mce-fragment=""1""><span style=""vertical-align: inherit;""><span style=""vertical-align: inherit;""><font style=""vertical-align: inherit;""><font style=""vertical-align: inherit;"">ููุญูุธ ุจุนูุฏูุง ุนู ูุชูุงูู ุงูุฃุทูุงู.</font></font></span></span></span></div>
<div data-mce-fragment=""1""><span data-mce-fragment=""1""><span style=""vertical-align: inherit;""><span style=""vertical-align: inherit;""><font style=""vertical-align: inherit;""><font style=""vertical-align: inherit;"">ยูุฏ ูุญุฏุซ ุฅูุฐุงุฑ ุฃู ูุง ููุฌุฏ ุดูุก ุทุจูุนู ุนูุฏ ุงุณุชุฎุฏุงู ุงูููุชุฌุ ุชููู ุนู ุงุณุชุฎุฏุงู ูุงุฑุฌุน ููุทุจูุจ.</font></font></span></span></span></div>",Victoria beauty,Health & Beauty,ูุณุชุญุถุฑุงุช ููุฑูุฉ,"",true,Size,โ3.5 x 2.5 x 13.5 cm; 0.05 Grams,,,,,VTI123-4,60.0,shopify,continue,manual,66.99,77.99,true,true,โB0CJ9FVX2M,https://cdn.shopify.com/s/files/1/0853/0195/2795/files/4095200747.jpg?v=1707631654,1,"",false,,,,,,,,,,,,,,,g,,61.99,true,,,true,,,true,,,active
beauty-of-joseon-relief-sun-for-sun-relief-rice-probiotics-provides-highest-uva-protection-50-ml,,,,,,,,,,,,,,,,,,,,,,,,https://cdn.shopify.com/s/files/1/0853/0195/2795/files/4095243559.jpg?v=1707631653,2,"",,,,,,,,,,,,,,,,,,,,,,,,,,,,
cod-king-test-product,COD-King-Test-Product,,VICTORIA& MAGIC& Cosmetics,,"","",false,Title,Default Title,,,,,COD,0.0,shopify,deny,manual,5.00,,true,false,,,,,false,,,,,,,,,,,,,,,g,,,true,,,true,,,true,,,draft
roll-over-image-to-zoom-incosrx-advanced-snail-peptide-eye-cream-25ml,COSRX Advanced Snail Peptide Eye Cream 25ml,"<div id=""productDescription_feature_div"" class=""celwidget"" data-feature-name=""productDescription"" data-csa-c-type=""widget"" data-csa-c-content-id=""productDescription"" data-csa-c-slot-id=""productDescription_feature_div"" data-csa-c-asin="""" data-csa-c-is-in-initial-active-row=""false"" data-csa-c-id=""56hitm-9of3pf-cwg5z2-gfqe0f"" data-cel-widget=""productDescription_feature_div"" data-mce-fragment=""1"">
<div data-mce-fragment=""1"">
<div data-feature-name=""productDescription"" data-template-name=""productDescription"" id=""productDescription_feature_div"" class=""a-row feature"" data-cel-widget=""productDescription_feature_div"" data-mce-fragment=""1"">
<div id=""productDescription"" class=""a-section a-spacing-small"" data-mce-fragment=""1"">
<p data-mce-fragment=""1""><span data-mce-fragment=""1"">ูุฑูู ุนูู ุบูุฑ ุซููู ููุฒุฏูุฌ ุงูุฃุฏุงุก ูุนุจุฃ ุจูุณุจุฉ 72% ูู ูุฑุดุญ ุฅูุฑุงุฒ ุงูุญูุฒูู ู5 ุจุจุชูุฏุงุช ูุงูููุงุณููุงููุฏ ุงูุฐู ูุถูุก ููุทูุฉ ุงูุนูู ุจุดูู ูุงุถุญ ูู ุฎูุงู ุงููุณุงุนุฏุฉ ูู ุชูููู ุธููุฑ ุงููุงูุงุช ุงูุณูุฏุงุก ูุงูุงูุชูุงุฎ.</span></p>
</div>
</div>
</div>
</div>
<div id=""renewedProgramDescriptionBtf_feature_div"" class=""celwidget"" data-feature-name=""renewedProgramDescriptionBtf"" data-csa-c-type=""widget"" data-csa-c-content-id=""renewedProgramDescriptionBtf"" data-csa-c-slot-id=""renewedProgramDescriptionBtf_feature_div"" data-csa-c-asin="""" data-csa-c-is-in-initial-active-row=""false"" data-csa-c-id=""lb840e-6wzswz-n4t1ce-s97lwi"" data-cel-widget=""renewedProgramDescriptionBtf_feature_div"" data-mce-fragment=""1""><br data-mce-fragment=""1""></div>
<div id=""aplusBrandStory_feature_div"" class=""celwidget"" data-feature-name=""aplusBrandStory"" data-csa-c-type=""widget"" data-csa-c-content-id=""aplusBrandStory"" data-csa-c-slot-id=""aplusBrandStory_feature_div"" data-csa-c-asin="""" data-csa-c-is-in-initial-active-row=""false"" data-csa-c-id=""1sw4f7-yeew28-bvqpww-k92ywj"" data-cel-widget=""aplusBrandStory_feature_div"" data-mce-fragment=""1""><br data-mce-fragment=""1""></div>
<div id=""aplus_feature_div"" class=""celwidget"" data-feature-name=""aplus"" data-csa-c-type=""widget"" data-csa-c-content-id=""aplus"" data-csa-c-slot-id=""aplus_feature_div"" data-csa-c-asin="""" data-csa-c-is-in-initial-active-row=""false"" data-csa-c-id=""bdx17v-lra9ia-7mnmd4-gmmgir"" data-cel-widget=""aplus_feature_div"" data-mce-fragment=""1"">
<div id=""aplus"" class=""a-section a-spacing-large bucket"" data-mce-fragment=""1""></div>
</div>",Victoria beauty,,ูุณุชุญุถุฑุงุช ููุฑูุฉ,"",true,Size,โ5.1 x 2.5 x 5.1 cm; 60 Grams,,,,,VTI123-6,60.0,shopify,continue,manual,67.99,78.99,true,true,โ B07ZRF416W,https://cdn.shopify.com/s/files/1/0853/0195/2795/files/61z5ytz-LzL.jpg?v=1708142783,1,"",false,,,,,,,,,,,,,,,g,,62.99,true,,,true,,,true,,,active
cosrx-good-morning-low-ph-cleanser-150ml,COSRX Good Morning Low-Ph Cleanser 150ml,"<div class=""celwidget aplus-module 3p-module-b aplus-standard"" data-csa-c-id=""i45ayv-2ud3yd-o6sq88-olq9zf"" data-cel-widget=""aplus-3p-module-b"" data-mce-fragment=""1"" cel_widget_id=""aplus-3p-module-b"">
<div class=""aplus-module-wrapper aplus-3p-fixed-width"" data-mce-fragment=""1"">
<p class=""a-spacing-base"" data-mce-fragment=""1""><span class=""a-text-bold"" data-mce-fragment=""1""><span data-mce-fragment=""1"">ููุธู โโุฐู ุฏุฑุฌุฉ ุญููุถุฉ ูุชูุงุฒูุฉ</span></span><span data-mce-fragment=""1"">ย|ยููุธู ุงูููุธู ุงูุจุดุฑุฉ ุจุณูุงุณุฉ ูุน ุงูุญูุงุธ ุนูู ูุณุชูู ุงูุฑูู ุงูููุฏุฑูุฌููู ุงูุฃูุซู ููุญุตูู ุนูู ุชููุฌ ุตุญู.ยุจุงุณุชุฎุฏุงู ููุธู ุฐู ุฏุฑุฌุฉ ุญููุถุฉ ููุฎูุถุฉุ ููููู ุงูุญูุงุธ ุนูู ุชูุงุฒู ุจุดุฑุชู ูุญูุงูุฉ ุญุงุฌุฒ ุงูุจุดุฑุฉ.</span></p>
<p class=""a-spacing-base"" data-mce-fragment=""1""><span class=""a-text-bold"" data-mce-fragment=""1""><span data-mce-fragment=""1"">ููุงุนุฉ ูุทููุฉ ูุง ุชุณุจุจ ุงูุชููุฌ ุฃุจุฏูุง</span></span><span data-mce-fragment=""1"">ย|ยูุนุงู ููุบุงูุฉ ูู ุชูุธูู ุงูุฏููู ุงูุฒุงุฆุฏุฉ ุนูู ุงูุฌูุฏ ุฏูู ุงูุชุณุจุจ ูู ุชููุฌ ุงูุฌูุฏ ุฃู ุชุฌูููู.ยุฑุงุฆุน ููุงุณุชุฎุฏุงู ูููุงู ูููุงุฑูุง ูุฅูุชุงุฌ ููุงุนุงุช ูููุฑุฉ ูู ูููุณ ูุงุนู ูุทูู.</span></p>
<p class=""a-spacing-base"" data-mce-fragment=""1""><span class=""a-text-bold"" data-mce-fragment=""1""><span data-mce-fragment=""1"">BHA ูุฒูุช ุดุฌุฑุฉ ุงูุดุงู</span></span><span data-mce-fragment=""1"">ย|ยููุธู โโุฌู ูุนุฒุฒ ุจุฒูุช ุดุฌุฑุฉ ุงูุดุงู ูBHA ุงููุดุชู ูู ุงููุจุงุชุงุช ูุงูุฐู ููุธู ุงููุณุงู ููุชุญูู ูู ุงูุดูุงุฆุจ ููุชุฑู ุงูุจุดุฑุฉ ุฑุทุจุฉ ุทูุงู ุงูููู.</span></p>
</div>
</div>
<div class=""celwidget aplus-module module-9 aplus-standard"" data-csa-c-id=""4dsf0f-tyj69k-h2hjg3-voi1xk"" data-cel-widget=""aplus-module-9"" data-mce-fragment=""1"" cel_widget_id=""aplus-module-9"">
<div class=""aplus-module-wrapper apm-fixed-width"" data-mce-fragment=""1"">
<div class=""apm-spacing apm-fixed-width"" data-mce-fragment=""1""></div>
</div>
</div>",Victoria beauty,Health & Beauty,ูุณุชุญุถุฑุงุช ููุฑูุฉ,"",true,Size,โ5 x 7 x 17 cm; 100 Grams,,,,,VTI123-15,100.0,shopify,continue,manual,62.99,73.99,true,true,B016NRXO06,https://cdn.shopify.com/s/files/1/0853/0195/2795/files/1.jpg?v=1707856387,1,"",false,,,,,,,,,,,,,,,g,,57.99,true,,,true,,,true,,,active
cosrx-good-morning-low-ph-cleanser-150ml,,,,,,,,,,,,,,,,,,,,,,,,https://cdn.shopify.com/s/files/1/0853/0195/2795/files/61UcS1QVdFS._AC_SY450__1.jpg?v=1707856388,2,"",,,,,,,,,,,,,,,,,,,,,,,,,,,,
cosrx-good-morning-low-ph-cleanser-150ml,,,,,,,,,,,,,,,,,,,,,,,,https://cdn.shopify.com/s/files/1/0853/0195/2795/files/11401192-1944895727565704.jpg?v=1707856388,3,"",,,,,,,,,,,,,,,,,,,,,,,,,,,,
cosrx-hyaluronic-acid-intensive-cream,Cosrx Hyaluronic Acid Intensive Cream,"<div id=""productDescription_feature_div"" class=""celwidget"" data-feature-name=""productDescription"" data-csa-c-type=""widget"" data-csa-c-content-id=""productDescription"" data-csa-c-slot-id=""productDescription_feature_div"" data-csa-c-asin="""" data-csa-c-is-in-initial-active-row=""false"" data-csa-c-id=""fxy2c9-l30t41-co6bsx-7e8smx"" data-cel-widget=""productDescription_feature_div"" data-mce-fragment=""1"">
<div data-mce-fragment=""1"">
<div data-feature-name=""productDescription"" data-template-name=""productDescription"" id=""productDescription_feature_div"" class=""a-row feature"" data-cel-widget=""productDescription_feature_div"" data-mce-fragment=""1"">
<div id=""productDescription"" class=""a-section a-spacing-small"" data-mce-fragment=""1"">
<p data-mce-fragment=""1""><span data-mce-fragment=""1"">ุบูู ุจุญูุถ ุงูููุงููุฑูููู ููุงุก ููุจููุงู ุฑุงููููุฏุณุ ูุชููู ุงูุฌูุฏ ุงูุชุฑุทูุจ ุงูุฃุณุงุณู ููุชู ููุน ููุฏุงู ุงูุฑุทูุจุฉ.</span></p>
</div>
</div>
</div>
</div>
<div id=""renewedProgramDescriptionBtf_feature_div"" class=""celwidget"" data-feature-name=""renewedProgramDescriptionBtf"" data-csa-c-type=""widget"" data-csa-c-content-id=""renewedProgramDescriptionBtf"" data-csa-c-slot-id=""renewedProgramDescriptionBtf_feature_div"" data-csa-c-asin="""" data-csa-c-is-in-initial-active-row=""false"" data-csa-c-id=""81a5av-bwmc0p-1gp36u-n5mby3"" data-cel-widget=""renewedProgramDescriptionBtf_feature_div"" data-mce-fragment=""1"">ูุงุนุทุงุก ุงูุจุดุฑุฉ ุงููุถุงุฑุฉ ุงูุฑุงุฆุนุฉ</div>",Victoria beauty,Health & Beauty,ูุณุชุญุถุฑุงุช ููุฑูุฉ,"",true,Size,โ5.08 x 5.08 x 3.81 cm; 90.72 Grams,,,,,VTI123-16,90.72,shopify,continue,manual,69.99,80.99,true,true,B072FH17NJ,https://cdn.shopify.com/s/files/1/0853/0195/2795/files/71RFCtnt3eS._AC_SL1500.jpg?v=1707858447,1,"",false,,,,,,,,,,,,,,,g,,64.99,true,,,true,,,true,,,active
cosrx-hyaluronic-acid-intensive-cream,,,,,,,,,,,,,,,,,,,,,,,,https://cdn.shopify.com/s/files/1/0853/0195/2795/files/61pTyy0RnLS._AC_SL1500.jpg?v=1707858447,2,"",,,,,,,,,,,,,,,,,,,,,,,,,,,,
cosrx-purifying-treatment-toner-150ml,"COSRX Purifying Treatment Toner, 150ml","<span data-mce-fragment=""1"">ุญุชูู ุนูู ุชููุฑ ูุงุฆู ูู ููุน ุงูุฒููุช ุงูุนุทุฑูุฉ ุงููุงุจุงููุฉ ุงููุณุงููุฉ ูุงูุญุณุงุณุฉ ูุงููุงุฏุฆุฉ ููุจุดุฑุฉ. ูุญุชูู ุนูู ุชููุฑ ูุงุฆู ูู ุงูููุน ุงูุบุงุฒู ุงูุณุงุฆู ุงูุนุดุจู ุงููุทูู ูุงููุงุฏุฆ ูุงููุงุฏุฆ ููุจุดุฑุฉ. ุชููุฑ ููุงุณุจ ูู ููุน ุงูุดูุงู</span>",Victoria beauty,Health & Beauty,ูุณุชุญุถุฑุงุช ููุฑูุฉ,"",true,Size,โ 5.08 x 3.56 x 7.11 cm; 180 Grams,,,,,VTI123-2,15.2,shopify,continue,manual,65.99,76.99,true,true,B073P6BPF5,https://cdn.shopify.com/s/files/1/0853/0195/2795/files/4089287390.webp?v=1707769305,1,"",false,,,,,,,,,,,,,,,g,,60.99,true,,,true,,,true,,,active
cosrx-purifying-treatment-toner-150ml,,,,,,,,,,,,,,,,,,,,,,,,https://cdn.shopify.com/s/files/1/0853/0195/2795/files/71TLfESpRhL._AC_SX679__1.jpg?v=1707769305,2,"",,,,,,,,,,,,,,,,,,,,,,,,,,,,
cosrx-purifying-treatment-toner-150ml,,,,,,,,,,,,,,,,,,,,,,,,https://cdn.shopify.com/s/files/1/0853/0195/2795/files/614cxNHVN1L._AC_SX679__1.jpg?v=1707769305,3,"",,,,,,,,,,,,,,,,,,,,,,,,,,,,
elizavecca-hyaluronic-acid-50ml,Elizavecca Hyaluronic Acid 50ml,"<p data-mce-fragment=""1""><span data-mce-fragment=""1"">ุฅููุฒุงูููุง ุญูุถ ุงูููุงููุฑูููู 50 ูู</span></p>
<div data-mce-fragment=""1""><br data-mce-fragment=""1""></div>
<div data-mce-fragment=""1""><span data-mce-fragment=""1"">ูุจุฑูุฌ ููู ูุจุดุฑุฉ ุญูููุฉ.ยููุชูุชุน ุจุญูุถ ุงูููุงููุฑูููู Elizavecca Witch Pigeon ููุชุญูู ูู ุจุดุฑุชู ูุชุฑุทูุจูุง.ยูุญุชูู ุนูู ุญูุถ ุงูููุงููุฑููููุ ููู ูุงุฏุฉ ููุฌูุฏุฉ ูู ุฌุณู ุงูุฅูุณุงู ุชุญุงูุธ ุนูู ุงูุฑุทูุจุฉ ูู ุงูุทุจูุฉ ุงูุนููุง ูู ุงูุฌูุฏ ูุตููุงู ุฅูู ุงูุฃุฏูุฉ.</span></div>
<div data-mce-fragment=""1""><br data-mce-fragment=""1""></div>
<div data-mce-fragment=""1""><span data-mce-fragment=""1"">97% ูู ุญูุถ ุงูููุงููุฑููููุ ุงูุฐู ูุง ูููุฑ ุงูุฑุทูุจุฉ ูุจุดุฑุชูุ ููููู ูุณุงุนุฏ ุฃูุถูุง ุนูู ุชูููู ุฃูุณุฌุฉ ุงูุจุดุฑุฉ ูุชุจููุถูุง.ยูุชู ุงูุชุตุงุต ุญูุถ ุงูููุงููุฑูููู ุงูุฑุทุจ ุจุดูู ูุง ููุชุต ุงูุฑุทูุจุฉ ุฃู ููุชุตู ููุดุชูู ุนูู ุนุฏู ุงุญุชุฑุงู ุงูุฒูุฌุฉ ุงููุฒุฌุฉ.ยูููุฐุง ุงูุณุจุจ ูุชู ุงุณุชุฎูุงุต ุญูุถ ุงูููุงููุฑูููู ูู ุญูุถ ุงูููุงููุฑูููู.</span></div>
<div data-mce-fragment=""1""><span data-mce-fragment=""1"">ุญูุถ ุงูููุงููุฑูููู ุนุตุฑ ุฃูุซุฑ ูู 1000 ูุฑุฉ.ยูููุง ุฒุงุฏ ุชุฑููุฒ ุญูุถ ุงูููุงููุฑููููุ ุฒุงุฏ ุชุฑุทูุจ ุงูุฌูุฏ.</span></div>
<div data-mce-fragment=""1""><br data-mce-fragment=""1""></div>
<div data-mce-fragment=""1""><span data-mce-fragment=""1"">ูุง ูู ุญูุถ ุงูููุงููุฑููููุยุญูุถ ุงูููุงููุฑูููู ูู ูุงุฏุฉ ุฏุงุฎู ุฌุณู ุงูุฅูุณุงู ุชุฌุฐุจ ุงูุฑุทูุจุฉุ ููููุง ุฒุงุฏ ุชุฑููุฒ ุญูุถ ุงูููุงููุฑูููู ูู ุงูุฌูุฏุ ุชุตุจุญ ุจุดุฑุชู ุฃูุซุฑ ุฑุทูุจุฉ.ยููุชุณุจ ุญูุถ ุงูููุงููุฑูููู ุงููุฑุทุจ ุชุฃุซูุฑู ุนูู ุงูุฒูุฌุฉ ูุณูู ุชุฑุชูุจ ุงูุฒูุฌุฉ ุงููุฒุฌุฉ ููุงููุฉ ูููุงุก ุจุณุฑุนุฉ.ย97% ูู ุญูุถ ุงูููุงููุฑููููุ ุงูุฐู ูุง ูููุฑ ุงูุฑุทูุจุฉ ูุจุดุฑุชูุ ููููู ูุณุงุนุฏ ุฃูุถูุง ุนูู ุชูููู ุฃูุณุฌุฉ ุงูุจุดุฑุฉ ูุชุจููุถูุง.</span></div>
<div data-mce-fragment=""1""><br data-mce-fragment=""1""></div>
<div data-mce-fragment=""1""><span data-mce-fragment=""1"">ููู ุงุณุชุฎุฏูุช:</span></div>
<div data-mce-fragment=""1""><br data-mce-fragment=""1""></div>
<div data-mce-fragment=""1""><br data-mce-fragment=""1""></div>
<div data-mce-fragment=""1""><span data-mce-fragment=""1"">ูููุฐุง ุงูุณุจุจ ูุชู ุงุณุชุฎูุงุต ุญูุถ ุงูููุงููุฑูููู ูู ุญูุถ ุงูููุงููุฑูููู</span></div>",Victoria beauty,,ูุณุชุญุถุฑุงุช ููุฑูุฉ,"",true,Size,5.08 x 5.08 x 10.16 cm; 45.36 Grams,,,,,VTI123-1,50.0,shopify,continue,manual,35.99,46.99,true,true,โB0779ZKTGJ,https://cdn.shopify.com/s/files/1/0853/0195/2795/files/4095236320.jpg?v=1707768137,1,"",false,,,,,,,,,,,,,,,g,,30.99,true,,,true,,,true,,,active
elizavecca-hyaluronic-acid-50ml,,,,,,,,,,,,,,,,,,,,,,,,https://cdn.shopify.com/s/files/1/0853/0195/2795/files/4113226139.jpg?v=1707768137,2,"",,,,,,,,,,,,,,,,,,,,,,,,,,,,
elizavecca-hyaluronic-acid-50ml,,,,,,,,,,,,,,,,,,,,,,,,https://cdn.shopify.com/s/files/1/0853/0195/2795/files/4113239606.jpg?v=1707768136,3,"",,,,,,,,,,,,,,,,,,,,,,,,,,,,
etude-house-baking-powder-crunch-pore-scrub-200g,ETUDE HOUSE Baking Powder Crunch Pore Scrub 200g,"<span data-mce-fragment=""1"">Baking Powder Crunch Pore Scrub 200g ููุดุฑ ุนููู ููุจุฑุฏ 2 ูู 1ุ ูุญุชูู ุนูู ุฃูุซุฑ ูู 40% ูู ูุณุญูู ุงูุฎุจุฒุ ููุธู ุงููุณุงู ุจุดูู ูุนุงู ููุชุฑููุง ุชุดุนุฑ ุจุงูุงูุชุนุงุด ูุงูุถูู ูุน ุชุฃุซูุฑุงุช ุงูููุซูู.</span>",Victoria beauty,Health & Beauty,ูุณุชุญุถุฑุงุช ููุฑูุฉ,"",true,Size,19.2 x 5.99 x 3.91 cm; 200 Grams,,,,,VTI123-5,200.0,shopify,continue,manual,92.99,102.99,true,true,B0BR5HNF2P,https://cdn.shopify.com/s/files/1/0853/0195/2795/files/4089340514.jpg?v=1707773453,1,"",false,,,,,,,,,,,,,,,g,,87.99,true,,,true,,,true,,,active
etude-house-baking-powder-crunch-pore-scrub-200g,,,,,,,,,,,,,,,,,,,,,,,,https://cdn.shopify.com/s/files/1/0853/0195/2795/files/4089305091.jpg?v=1707773453,2,"",,,,,,,,,,,,,,,,,,,,,,,,,,,,
etude-house-zero-sebum-drying-powder,ETUDE HOUSE Zero Sebum Drying Powder,"<div id=""productDescription_feature_div"" class=""celwidget"" data-feature-name=""productDescription"" data-csa-c-type=""widget"" data-csa-c-content-id=""productDescription"" data-csa-c-slot-id=""productDescription_feature_div"" data-csa-c-asin="""" data-csa-c-is-in-initial-active-row=""false"" data-csa-c-id=""acinbp-ykevk7-ar3rib-olv663"" data-cel-widget=""productDescription_feature_div"" data-mce-fragment=""1"">
<div data-mce-fragment=""1"">
<div data-feature-name=""productDescription"" data-template-name=""productDescription"" id=""productDescription_feature_div"" class=""a-row feature"" data-cel-widget=""productDescription_feature_div"" data-mce-fragment=""1"">
<div id=""productDescription"" class=""a-section a-spacing-small"" data-mce-fragment=""1"">
<p data-mce-fragment=""1""><span data-mce-fragment=""1"">* Etude House * ูุณุญูู ุชุฌููู ุฒูุฑู ุณูุจูู (6 ุฌู) ูุณุญูู ูุนุฏูู ูููุฑ ุจุดุฑุฉ ุตุงููุฉ ุจุฏูู ุฌูุงู ุฃู ุชูุดุฑ. ูุทุน ุงูุฒูุช / ุงูุนูุงูุฉ ุจุงูุฏููู ูุตููุน ูู ูุณุญูู ูุนุฏูู (80%) ูุชุฌููู ุงูุจุซูุฑ ุงูุฏูููุฉ ูุงูุดูุนูุฉ ูุชุญุช ุงูุณุทุญ ุจููุงุกุฉ.ย5 ููููุงุชย ุ ุงูุฒููุช ุงููุนุฏููุฉุ ุงูููููุงุช ุงูุญููุงููุฉุ ุงูุตุจุบุฉ ุงูุงุตุทูุงุนูุฉุ ุงูุนุทูุฑ ุงูุงุตุทูุงุนูุฉ....</span></p>
</div>
</div>
</div>
</div>
<div id=""renewedProgramDescriptionBtf_feature_div"" class=""celwidget"" data-feature-name=""renewedProgramDescriptionBtf"" data-csa-c-type=""widget"" data-csa-c-content-id=""renewedProgramDescriptionBtf"" data-csa-c-slot-id=""renewedProgramDescriptionBtf_feature_div"" data-csa-c-asin="""" data-csa-c-is-in-initial-active-row=""false"" data-csa-c-id=""60jvbi-eiugyl-98ejgh-vtnfhs"" data-cel-widget=""renewedProgramDescriptionBtf_feature_div"" data-mce-fragment=""1""><br data-mce-fragment=""1""></div>
<div id=""aplusBrandStory_feature_div"" class=""celwidget"" data-feature-name=""aplusBrandStory"" data-csa-c-type=""widget"" data-csa-c-content-id=""aplusBrandStory"" data-csa-c-slot-id=""aplusBrandStory_feature_div"" data-csa-c-asin="""" data-csa-c-is-in-initial-active-row=""false"" data-csa-c-id=""u1xpxc-8p1p18-4chrt4-4hwagw"" data-cel-widget=""aplusBrandStory_feature_div"" data-mce-fragment=""1""><br data-mce-fragment=""1""></div>
<div id=""aplus_feature_div"" class=""celwidget"" data-feature-name=""aplus"" data-csa-c-type=""widget"" data-csa-c-content-id=""aplus"" data-csa-c-slot-id=""aplus_feature_div"" data-csa-c-asin="""" data-csa-c-is-in-initial-active-row=""false"" data-csa-c-id=""lshff-vhfqyi-ezt7cn-6cbrmt"" data-cel-widget=""aplus_feature_div"" data-mce-fragment=""1""><br data-mce-fragment=""1""></div>
<div id=""productDetailsWithModules_feature_div"" class=""celwidget"" data-feature-name=""productDetailsWithModules_feature_V2"" data-csa-c-type=""widget"" data-csa-c-content-id=""productDetailsWithModules_feature_V2"" data-csa-c-slot-id=""productDetailsWithModules_feature_div"" data-csa-c-asin="""" data-csa-c-is-in-initial-active-row=""false"" data-csa-c-id=""ziii7z-kloi14-60cp4w-c9oowo"" data-cel-widget=""productDetailsWithModules_feature_div"" data-mce-fragment=""1""><a id=""productDetails"" name=""productDetails"" data-mce-fragment=""1""></a></div>",Victoria beauty,Health & Beauty,ูุณุชุญุถุฑุงุช ููุฑูุฉ,"",true,Size,5.5 x 5.5 x 2.3 cm; 3.97 Grams,,,,,VTI123-17,3.97,shopify,continue,manual,55.99,66.99,true,true,B00UGPJSA2,https://cdn.shopify.com/s/files/1/0853/0195/2795/files/31Z7tlQpf9L__30092.jpg?v=1707857799,1,"",false,,,,,,,,,,,,,,,g,,50.99,true,,,true,,,true,,,active
etude-house-zero-sebum-drying-powder,,,,,,,,,,,,,,,,,,,,,,,,https://cdn.shopify.com/s/files/1/0853/0195/2795/files/41iZoIoSikL._AC_UF1000_1000_QL80.jpg?v=1707857799,2,"",,,,,,,,,,,,,,,,,,,,,,,,,,,,
etude-house-zero-sebum-drying-powder,,,,,,,,,,,,,,,,,,,,,,,,https://cdn.shopify.com/s/files/1/0853/0195/2795/files/41RPgYfPm1L._AC.jpg?v=1707857798,3,"",,,,,,,,,,,,,,,,,,,,,,,,,,,,
eyelash-serum-from-etude-house,Eyelash serum from Etude House,"<p data-mce-fragment=""1""><span data-mce-fragment=""1"">ูุตู ุฑููุด ุจูุฏู</span></p>
<div data-mce-fragment=""1""><br data-mce-fragment=""1""></div>
<div data-mce-fragment=""1""><span data-mce-fragment=""1"">ุตุญูุ ุฑูุด ุตุญู</span></div>
<div data-mce-fragment=""1""><br data-mce-fragment=""1""></div>
<div data-mce-fragment=""1""><span data-mce-fragment=""1"">ุณูุฑูู ุงูุฑููุด ุงูุบุฐุงุฆู ูู ุชู ุชูุฏูุฑู ููุญุตูู ุนูู ุฑููุด ุฃูุซุฑ ุตุญุฉ ูููุฉ.</span></div>
<div data-mce-fragment=""1""><br data-mce-fragment=""1""></div>
<div data-mce-fragment=""1""><span data-mce-fragment=""1"">ุงุญุตูู ุนูู ุฑููุด ุฃูุซุฑ ุตุญุฉ ูููุฉ ูุฃุทูู ูุน My Lash Serum.</span></div>
<div data-mce-fragment=""1""><br data-mce-fragment=""1""></div>
<div data-mce-fragment=""1""><span data-mce-fragment=""1"">ุฑุนุงูุฉ ูู ุงูุฌูุงุฆุฒ</span></div>
<div data-mce-fragment=""1""><br data-mce-fragment=""1""></div>
<div data-mce-fragment=""1""><span data-mce-fragment=""1"">ุชููุญ ุฑููุดู ูู ุงูุฌูุงุฆุฒุ ููุง ูุณูุญ ูุฑููุดู ุฃู ุชููู ูููุฉ ููุฑูุฉ ูุฃูุซุฑ ุตุญุฉ.</span></div>
<div data-mce-fragment=""1""><br data-mce-fragment=""1""></div>
<div data-mce-fragment=""1""><span data-mce-fragment=""1"">ุชุฃุซูุฑ ูุญู!</span></div>
<div data-mce-fragment=""1""><br data-mce-fragment=""1""></div>
<div data-mce-fragment=""1""><span data-mce-fragment=""1"">ูุนุทู ูุฐุง ุงูููุชุฌ ูุญุฏุฏูุง ุนูู ุทูู ุฎุท ุงูุนูู ูููุฏุฆ ุงูุจุดุฑุฉ ูู ุงูุฅุฌูุงุฏ ูุงููููุงุฌ.</span></div>
<div data-mce-fragment=""1""><br data-mce-fragment=""1""></div>
<div data-mce-fragment=""1""><span data-mce-fragment=""1"">ููู ุงุณุชุฎุฏูุช:</span></div>
<div data-mce-fragment=""1""><br data-mce-fragment=""1""></div>
<div data-mce-fragment=""1""><br data-mce-fragment=""1""></div>
<div data-mce-fragment=""1""><span data-mce-fragment=""1"">ุฎุฐ ูููุฉ ูู ุงูุณูุฑูู ุนูู ุฌุงุฆุฒุฉ ููุดุทูู ุญุชู ุงููุจุชูุฑุฉ</span></div>
<div data-mce-fragment=""1""><span data-mce-fragment=""1"">ูุจู ุงููููุ ูุฌุจ ุงูุญุตูู ุนูู ููุงููุฉ ุฌูุฏุฉ ุซู ุจุนุฏู ููุชุฌุงุช ุงููุฌู</span></div>",Victoria beauty,,ูุณุชุญุถุฑุงุช ููุฑูุฉ,"",true,Size,1 x 1 x 6 cm; 1 Grams,,,,,VTI123-7,1.0,shopify,continue,manual,19.99,30.99,true,true,โB07KV65G25,https://cdn.shopify.com/s/files/1/0853/0195/2795/files/1445-08-01_11.04.33_03110e93.jpg?v=1707769737,1,"",false,,,,,,,,,,,,,,,g,,14.99,true,,,true,,,true,,,active
eyelash-serum-from-etude-house,,,,,,,,,,,,,,,,,,,,,,,,https://cdn.shopify.com/s/files/1/0853/0195/2795/files/1445-08-01_11.04.32_72ba4496.jpg?v=1707769737,2,"",,,,,,,,,,,,,,,,,,,,,,,,,,,,
eyelash-serum-from-etude-house,,,,,,,,,,,,,,,,,,,,,,,,https://cdn.shopify.com/s/files/1/0853/0195/2795/files/1445-08-01_11.04.32_f64a9b0b.jpg?v=1707769737,3,"",,,,,,,,,,,,,,,,,,,,,,,,,,,,
eyelash-serum-from-etude-house,,,,,,,,,,,,,,,,,,,,,,,,https://cdn.shopify.com/s/files/1/0853/0195/2795/files/1445-08-01_11.04.33_4e2d07d8.jpg?v=1707769737,4,"",,,,,,,,,,,,,,,,,,,,,,,,,,,,
eyelash-serum-from-etude-house,,,,,,,,,,,,,,,,,,,,,,,,https://cdn.shopify.com/s/files/1/0853/0195/2795/files/1445-08-01_11.04.33_bbcc9a18.jpg?v=1707642668,5,"",,,,,,,,,,,,,,,,,,,,,,,,,,,,
eyelash-serum-from-etude-house,,,,,,,,,,,,,,,,,,,,,,,,https://cdn.shopify.com/s/files/1/0853/0195/2795/files/1445-08-01_11.04.34_95b1629d.jpg?v=1707642667,6,"",,,,,,,,,,,,,,,,,,,,,,,,,,,,
farmstay-dr-v8-vitamin-foam-cleansing,Farmstay DR-V8 Vitamin Foam Cleansing,"<p data-mce-fragment=""1""><span data-mce-fragment=""1"">Farmstay DR-V8 Vitamin Foam Cleansing at yax page ๐๐</span></p>
<p data-mce-fragment=""1""><span data-mce-fragment=""1"">ุบุณูู ุงูุฎุถุงุฑ ุงูููู ูู ูุงุฑู ุณุชุงูโฅโฅโฅ</span></p>
<p data-mce-fragment=""1""><span data-mce-fragment=""1"">๐๐๐๐</span></p>
<p data-mce-fragment=""1""><span data-mce-fragment=""1"">ุงูุญุฌู 100 ูู๐</span></p>
<p data-mce-fragment=""1""><span data-mce-fragment=""1"">ุตูุงุนุฉ ููุฑู๐๐</span></p>
<p data-mce-fragment=""1""><span data-mce-fragment=""1"">ุฏุง ุบุณูู ููุชุงูููุงุช ุฒู Soap and Glory ุจุงูุธุจุท ๐</span></p>
<p data-mce-fragment=""1""><span data-mce-fragment=""1"">ุฏุง ุงูุจุฏูู ุงูุนุฑุจู ุจุชุงุน</span></p>",Victoria beauty,Health & Beauty,ูุณุชุญุถุฑุงุช ููุฑูุฉ,"",true,Size,โ7 x 4 x 17 cm; 100 Grams,,,,,VTI123-20,100.0,shopify,continue,manual,71.99,100.99,true,true,โB085XC1L8K,https://cdn.shopify.com/s/files/1/0853/0195/2795/files/9739_drv8-vitamin-foam-cleansing-farmstay.jpg?v=1707775501,1,"",false,,,,,,,,,,,,,,,g,,66.99,true,,,true,,,true,,,active
farmstay-dr-v8-vitamin-foam-cleansing,,,,,,,,,,,,,,,,,,,,,,,,https://cdn.shopify.com/s/files/1/0853/0195/2795/files/2.9.jpg?v=1707775500,2,"",,,,,,,,,,,,,,,,,,,,,,,,,,,,
farmstay-dr-v8-vitamin-foam-cleansing,,,,,,,,,,,,,,,,,,,,,,,,https://cdn.shopify.com/s/files/1/0853/0195/2795/files/5872514d2393a2c075b30db4f55a89c1c5f32aae_1002_1024.jpg?v=1707775500,3,"",,,,,,,,,,,,,,,,,,,,,,,,,,,,
missha-aqua-sun-sunscreen-gel-safe-gel-spf-50-for-facial-skin-care,"Missha Aqua Sun Sunscreen Gel, Safe Gel SPF 50 for Facial Skin Care","<p data-mce-fragment=""1""><span data-mce-fragment=""1"">ุฌู ููุนุด ูููุฑ ููุงุฆุฏ ุงูุญูุงูุฉ ูู ุงูุดูุณ ูุงูุชุฑุทูุจ</span></p>
<div data-mce-fragment=""1""><br data-mce-fragment=""1""></div>
<div data-mce-fragment=""1""><span data-mce-fragment=""1"">- ูุญุชูู ุนูู ุนุงูู ุญูุงูุฉ ูู ุงูุดูุณ (SPF) ูุงุณุน ุงููุทุงู ูุญูู ุงูุจุดุฑุฉ ูู ุงูุฃุดุนุฉ ููู ุงูุจููุณุฌูุฉ ุงูุถุงุฑุฉ</span></div>
<div data-mce-fragment=""1""><br data-mce-fragment=""1""></div>
<div data-mce-fragment=""1""><span data-mce-fragment=""1"">- ุงูุดุงู ุงูุดุฑูู ูููุจููุณ ูุซุงูุงูุง ุงูุฌุฏูุฑ ุจุงูุฑุงุฆุญุฉ ูู ุนูุงูู ุงูุฌุฐุจ ุงูุถุงุฑุฉ</span></div>
<div data-mce-fragment=""1""><br data-mce-fragment=""1""></div>
<div data-mce-fragment=""1""><span data-mce-fragment=""1"">-ููุชุทูุงุช ูู ุดุฌุฑุฉ ุงูุจุงูุจุงุจ ูุฌู ุงูุฃุฏููููู ู</span></div>",Victoria beauty,,ูุณุชุญุถุฑุงุช ููุฑูุฉ,"",true,Size,โ5 x 5 x 5 cm; 80 Grams,,,,,VTI123-8,80.0,shopify,continue,manual,89.99,100.99,true,true,โB092V5SPQS,https://cdn.shopify.com/s/files/1/0853/0195/2795/files/4095236284.jpg?v=1707775885,1,"",false,,,,,,,,,,,,,,,g,,84.99,true,,,true,,,true,,,active
missha-aqua-sun-sunscreen-gel-safe-gel-spf-50-for-facial-skin-care,,,,,,,,,,,,,,,,,,,,,,,,https://cdn.shopify.com/s/files/1/0853/0195/2795/files/4095225933.jpg?v=1707775884,2,"",,,,,,,,,,,,,,,,,,,,,,,,,,,,
store-pickup-app,Pickup Instore,"",VICTORIA& MAGIC& Cosmetics,,"","",true,Title,Default Title,,,,,pickup-instore,92000000.0,shopify,continue,manual,0.00,,true,false,store-pickup,https://cdn.shopify.com/s/files/1/0853/0195/2795/products/banner.jpg?v=1708156619,1,"",false,,,,,,,,,,,,,,,kg,,,true,,,true,,,true,,,active
prreti-pure-white-milk-cream,PRRETI Pure White Milk Cream,"<p data-mce-fragment=""1""><span data-mce-fragment=""1"">ูุฑูู ุงูุญููุจ ุงูุฃุจูุถ ุงูููู ูู PRRETI</span></p>
<p data-mce-fragment=""1""><span data-mce-fragment=""1"">ุจุฑูุชู ุจููุฑ ูุงูุช ูููู ูุฑูู</span></p>
<p data-mce-fragment=""1""><span data-mce-fragment=""1"">๐ ูุฑูู ุชูุชูุญ ู ูุฑุทุจ ููุฅุณูุฑุงุฑ ู ููุญุฏ ููู ุงูุจุดุฑุฉ ู ูุฒูุฏ ูู ุฎูุงุฑุงุชูุง .</span></p>
<p data-mce-fragment=""1""><span data-mce-fragment=""1"">๐ ุฌููุน ุฃููุงุน ุงูุจุดุฑุฉ ุงูุฎุงุตุฉ ุงูุชู ุชุญุชุงุฌ ูุชูุญูุฏ ููููุง ู ุงูุฑุฃ ูู ุฅุดุฑุงููุง .</span></p>
<p data-mce-fragment=""1""><span data-mce-fragment=""1"">๐ูุชุญูู ุธููุฑ ุงูุฎูุงูุง ุงูุจูุถุงุก ู ูุชูุฌุฉ ุธููุฑ ุงูุฒููุฑ ุงูุจูุถุงุก ( ุจุฏุฃุช ุชุธูุฑ ุจูุงุนููุฉ ู ุฅุดุฑุงููุง ) .</span></p>
<p data-mce-fragment=""1""><span data-mce-fragment=""1"">๐ ุงูุฃูุงูุชููู ู ุฎูุงุตุฉ ุงูุชูุช ( ูุฑุทุจ ู ูุญุงูุธ ุนูู ุฑุงุฆุญุฉ ุงูุฌูุฏ ู ูุถุงุฏ ููุฃูุณุฏุฉ ู ุงูุฅุฌูุงุฏ )</span></p>
<p data-mce-fragment=""1""><span data-mce-fragment=""1"">๐ ูููุณ ูุฑููู ุญูุงู ุฏููู ูุญุงูุธ ุนูู ุฑุทูุจุฉ ุงูุจุดุฑุฉ ูู ุงูุชุฑุทูุจ ูุชุนูููุงุชูุง ูู ุงูุฌูุงู .</span></p>
<p data-mce-fragment=""1""><span data-mce-fragment=""1"">๐ ุชูุชูุญ ููู ุงูุจุดุฑุฉ ุจุดูู ููุฑู .</span></p>
<p data-mce-fragment=""1""><span data-mce-fragment=""1"">๐ ููุงุณุจ ุงููุฌู ูููุงุทู ุงูุฌุณู ูุซู ููุทูุฉ ุงูุฅุจุทูู ูุฎุท ุงูุจูููู .</span></p>
<p data-mce-fragment=""1""><span data-mce-fragment=""1"">โ ุทุฑููุฉ ุงูุฅุณุชุฎุฏุงู :</span></p>
<p data-mce-fragment=""1""><span data-mce-fragment=""1"">- ูุฒุนูู ุนูู ุงูุจุดุฑุฉ ุงููุธููุฉ ู ุงูุนูู .</span></p>",Victoria beauty,Health & Beauty,ูุณุชุญุถุฑุงุช ููุฑูุฉ,"",true,Size,4.2 x 12 x 4.2 cm; 50 grams,,,,,VTI123-9,150.0,shopify,continue,manual,90.99,101.99,true,true,โB078TJVYLY,https://cdn.shopify.com/s/files/1/0853/0195/2795/files/4061276103.jpg?v=1707776371,1,"",false,,,,,,,,,,,,,,,g,,85.99,true,,,true,,,true,,,active
prreti-pure-white-milk-cream,,,,,,,,,,,,,,,,,,,,,,,,https://cdn.shopify.com/s/files/1/0853/0195/2795/files/4061276108.jpg?v=1707776370,2,"",,,,,,,,,,,,,,,,,,,,,,,,,,,,
prreti-pure-white-milk-cream,,,,,,,,,,,,,,,,,,,,,,,,https://cdn.shopify.com/s/files/1/0853/0195/2795/files/4061279772.jpg?v=1707776371,3,"",,,,,,,,,,,,,,,,,,,,,,,,,,,,
purederm-exfoliating-foot-mask,Purederm exfoliating foot mask,"<p data-mce-fragment=""1""><span data-mce-fragment=""1""><font style=""vertical-align: inherit;""><font style=""vertical-align: inherit;"">ูุน ุฒุจุฏุฉ ุงูุดูุง ูุงูุชูุงุญ ูุงููุนูุงุน ูุบูุฑูุง ูู ุงูููููุงุช ุงูุนูุงุฌูุฉ ุงูุทุจูุนูุฉุ ูุนูู ููุงุน ุงูุนูุงุฌ ูู ุจููุฑุฏูุฑู ุนูู ุชูุนูู ูุชูุฏุฆุฉ ูุชุฌุฏูุฏ ุงูุฃูุฏุงู ููููุจ ุงูุณุงุฎู ูุงููุชุดููุฉ ูุงููุชุตูุจุฉ ุจุดูู ููุญูุธุ ููุง ูุคุฏู ุจุดูู ููุญูุธ ุฅูู ุธููุฑ ููููุณ ุงููุฏู ุงููุงุนูุฉ.</font></font></span></p>
<div data-mce-fragment=""1""><span><font style=""vertical-align: inherit;""><font style=""vertical-align: inherit;"">ูููุฑ ููุงุน ุงููุฏู ""ูู ููุน ุงููุธูุฑ"" ุงููุตูู ุงูุฌุฏูุฏ ูููุฑุทุจุงุช ูุงูุนูุงูู ุงูุนูุงุฌูุฉ ูุจุดุฑุชู ุงููููุฒุฉ ููุญุตูู ุนูู ูุธูุฑ ุฃูุซุฑ ุชููุฒูุง ูุฅุดุฑุงููุง.</font></font></span></div>",Victoria beauty,Health & Beauty,ูุณุชุญุถุฑุงุช ููุฑูุฉ,"",true,Size,โ 13.21 x 1.52 x 24.38 cm; 20 Grams,,,,,VTI123-10,0.5,shopify,continue,manual,19.99,10.99,true,true,B07NF2BVKS,https://cdn.shopify.com/s/files/1/0853/0195/2795/files/4095267034.jpg?v=1707779592,1,"",false,,,,,,,,,,,,,,,g,,14.99,true,,,true,,,true,,,active
purederm-exfoliating-foot-mask,,,,,,,,,,,,,,,,,,,,,,,,https://cdn.shopify.com/s/files/1/0853/0195/2795/files/4095218433.jpg?v=1707779592,2,"",,,,,,,,,,,,,,,,,,,,,,,,,,,,
some-by-mi-aha-bha-pha-30-days-miracle-starter-kit-green-4-count-pack-of-1,"SOME BY MI AHA.BHA.PHA 30 Days Miracle Starter Kit, Green, 4 Count (Pack of 1)","<ul data-mce-fragment=""1"">
<li data-mce-fragment=""1"">
<div data-mce-fragment=""1"">
<div data-mce-fragment=""1"">
<div data-mce-fragment=""1"">
<div data-mce-fragment=""1"">
<div data-mce-fragment=""1""><span data-mce-fragment=""1"">ูุฌููุนุฉ ูุนุฌุฒุฉ ููุฏุฉ 30 ููููุง ูู Some by Mi</span></div>
<div data-mce-fragment=""1""><span data-mce-fragment=""1"">ุณูุช ููุฑูู ุงูุชุชุญูููููู ูุญู ูููููุดูููู ุงูุญูููุง ูุจู ูุงุชุฎูุต</span></div>
<div data-mce-fragment=""1""><span data-mce-fragment=""1"">ุงููุฌููุนุฉ ุชุชููู ูู ุตุงุจููู ูููุฌุฉููุฌุณู ุนุงุฏู ูู ูู ุญุจูุจ ูุถููุงูู ุุชููุฑุุณูุฑู ูุงุฌุชูุงุนู๐๐ป</span></div>
<div data-mce-fragment=""1""><span data-mce-fragment=""1"">ุงูุฎุทูุฉ ุงูุฃููู1๏ธโฃ</span></div>
<div data-mce-fragment=""1""><span data-mce-fragment=""1"">AHAุ BHAุ PHA 30 Days Miracle Cleansing Bar: ูููุฑ ุงูุชุทููุฑ ุงูุนููู ููุฌูุฏ ุจููููุงุช ูุดุชุชุฉ ูู ุงูุทุจูุนุฉ๐ง ุจุฎูุงุตุฉ ุฒูุช ุงูุดุงู ุงูุงุฎุถุฑ ูุนูู ุนูู ุชูููู ุงูุญุจูุจ ู ุชุฑุทูุจูุง ู ุจุชููู ูู ุงููููุฉ ุงููุทููุจุฉ ุงูุฃุซุงุฑ๐คฉ</span></div>
<div data-mce-fragment=""1""><br data-mce-fragment=""1""></div>
<div data-mce-fragment=""1""><span data-mce-fragment=""1"">ุงูุฎุทูุฉ ุงูุซุงููุฉ2๏ธโฃ</span></div>
<div data-mce-fragment=""1""><br data-mce-fragment=""1""></div>
<div data-mce-fragment=""1""><span data-mce-fragment=""1"">ุฃูุงุ ุจูุงุ ูุง 30</span></div>
<div data-mce-fragment=""1""><span data-mce-fragment=""1"">ูุณุญูู ุงูุญุจุฑ</span></div>
<div data-mce-fragment=""1""><span data-mce-fragment=""1"">ูุญุชูู ุชููุฑ ููุฑูู ุนูู ุฒููุช ุทุจูุนูุฉ (pH5.5) ุนูู ููููุงุช AHA ู BHA ู PHA ูุณุงุนุฏ ุนูู ุชูุดูุฑ ุงูุจุดุฑุฉ ุจุดูู ูุนุงู ููุง ูุญุชูู ุนูู 10000 ุฌุฒุก ูู ููููู ูู ูุงุก ุฃูุฑุงู ุดุฌุฑุฉ ุงูุดุงู ูุณุงุนุฏ ูู ุนูุงุฌ ุงูุญุจูุจ ูุงูุงูุชูุงุจุงุช๐</span></div>
<div data-mce-fragment=""1""><br data-mce-fragment=""1""></div>
<div data-mce-fragment=""1""><span data-mce-fragment=""1"">ุงูุฎุทูุฉ ุงูุซุงูุซุฉ3๏ธโฃ</span></div>
<div data-mce-fragment=""1""><span data-mce-fragment=""1"">ุฃูุงุ ุจูุงุ ูุง 30</span></div>
<div data-mce-fragment=""1""><span data-mce-fragment=""1"">ุงููุตู:</span></div>
<div data-mce-fragment=""1""><span data-mce-fragment=""1"">ูุญุชูู ุนูู 10000 ูุฑูุฉ ุฌุฒุก ูู ุงูููููู ูู ุดุงู ุดุฌุฑุฉ ุงูุดุงู ูููู ูู ุญุฌู ุงูุญุจูุจ ููุชููุน ูู ูุฎุฏุฑูุง ๐๐๐ป</span></div>
<div data-mce-fragment=""1""><br data-mce-fragment=""1""></div>
<div data-mce-fragment=""1""><span data-mce-fragment=""1"">ุงูุฎุทูุฉ ุงูุฑุงุจุนุฉ4๏ธโฃ</span></div>
<div data-mce-fragment=""1""><span data-mce-fragment=""1"">ุฃูุงุ ุจูุง</span></div>
<div data-mce-fragment=""1""><span data-mce-fragment=""1"">ุ ูุฑุทุจ PHA 30:</span></div>
<div data-mce-fragment=""1""><br data-mce-fragment=""1""></div>
<div data-mce-fragment=""1""><span data-mce-fragment=""1"">ูุนูู ุงููุฑุทุจ ุนูู ุชูููู ุงููุงุฑูุฒุงุช ู ูุฑุทุจ ุงููุงููุฉ ุงููุฑุฒูุฉ ุฃู ุฌูุงู ู ุฒูุงุฏุฉ ุงููุณูุฌ ุจูุง ูู ุฐูู ูุง ูุญุชุงุฌู ูุจุดุฑุฉ ูุดุฑู ู ูุถุฑุฉ ุจุฏูู ุฃู ุญุจูุจ</span></div>
</div>
</div>
</div>
</div>
<div data-mce-fragment=""1""><br data-mce-fragment=""1""></div>
<div data-mce-fragment=""1""><br data-mce-fragment=""1""></div>
<div data-mce-fragment=""1"">
<div data-mce-fragment=""1""></div>
</div>
</li>
</ul>",Victoria beauty,Health & Beauty,ูุณุชุญุถุฑุงุช ููุฑูุฉ,"",true,Size,โ19.4 x 12.1 x 3.1 cm; 160 Grams,,,,,VIT123-11,160.0,shopify,continue,manual,115.99,125.99,true,true,B083NHB1NR,https://cdn.shopify.com/s/files/1/0853/0195/2795/files/61cu8a7YNDL._AC_SY450.jpg?v=1707780413,1,"",false,,,,,,,,,,,,,,,g,,110.99,true,,,true,,,true,,,active
some-by-mi-aha-bha-pha-30-days-miracle-starter-kit-green-4-count-pack-of-1,,,,,,,,,,,,,,,,,,,,,,,,https://cdn.shopify.com/s/files/1/0853/0195/2795/files/61VblkCKiJL._AC_SY450.jpg?v=1707780412,2,"",,,,,,,,,,,,,,,,,,,,,,,,,,,,
some-by-mi-aha-bha-pha-30-days-miracle-starter-kit-green-4-count-pack-of-1,,,,,,,,,,,,,,,,,,,,,,,,https://cdn.shopify.com/s/files/1/0853/0195/2795/files/616vTstw6aL._AC_SY450.jpg?v=1707780412,3,"",,,,,,,,,,,,,,,,,,,,,,,,,,,,
some-by-mi-cica-peptide-anti-hair-loss-derma-scalp-shampoo-285ml,Some By Mi Cica Peptide Anti Hair Loss Derma Scalp Shampoo 285ml,"<p>ุชู ุชุฑููุจู ุจุชุฑููุฒ ุนุงูู ูู ููููุงุช ุงูุณููุง ููุชุฎููู ูู ุฅุฌูุงุฏ ูุฑูุฉ ุงูุฑุฃุณ ูุงูุงุถุทุฑุงุจ.<br data-mce-fragment=""1"">ูุบุฐู ูุฑูุฉ ุงูุฑุฃุณ ุจุงูุจููุชูู ูุงูุจุฑูุชููุงุช ูู ุงูููู ูุงูููุญ ูุงูุฐุฑุฉ ูููุณุงุนุฏุฉ ูู ุงูุญุตูู ุนูู ุดุนุฑ ุตุญู. ููุฏุฆ ููููุฑ ุชุฃุซูุฑูุง ูุชุฌุฏุฏูุง ููุฑูุฉ ุงูุฑุฃุณ ุงููุชููุฌุฉ ุจุงุณุชุฎุฏุงู ุงูุณููุง.<br data-mce-fragment=""1"">ูุญูู ุจู pha ูุงูุชุตุงุต ุฎูุงูุง ุงูุฌูุฏ ุงูููุชุฉ ูุงูุดูุงุฆุจ ูุงูุฒูู ูุฎูู ุจูุฆุฉ ูุธููุฉ ููุฑูุฉ ุงูุฑุฃุณ.</p>
<p>ุนูู ุงูุดุนุฑ ุงููุจูู ููุฑูุฉ ุงูุฑุฃุณุ ุถุนู ูููุฉ ููุงุณุจุฉ ูู ุงูุดุงูุจู ูุฏููู ุญุชู ุชุชููู ุฑุบูุฉุ ุซู ุงุบุณููู ุจุงููุงุก ุงููุงุชุฑ.</p>",VICTORIA& MAGIC& Cosmetics,,"","",true,Size,โ5.5 x 5.5 x 17.5 cm; 0.34 Grams,,,,,VIT123-14,0.0,shopify,deny,manual,74.99,84.99,true,true,โB08Q7B2V18,https://cdn.shopify.com/s/files/1/0853/0195/2795/files/51-9sMu-fKL._AC_SL1080.jpg?v=1708177254,1,"",false,,,,,,,,,,,,,,,g,,69.99,true,,,true,,,true,,,active
some-by-mi-cica-peptide-anti-hair-loss-derma-scalp-shampoo-285ml,,,,,,,,,,,,,,,,,,,,,,,,https://cdn.shopify.com/s/files/1/0853/0195/2795/files/51x1smEX_VL._AC_SX679.jpg?v=1708177253,2,"",,,,,,,,,,,,,,,,,,,,,,,,,,,,
some-by-mi-cica-peptide-anti-hair-loss-derma-scalp-shampoo-285ml,,,,,,,,,,,,,,,,,,,,,,,,https://cdn.shopify.com/s/files/1/0853/0195/2795/files/71Hi9yzjUJL._AC_SY879.jpg?v=1708177254,3,"",,,,,,,,,,,,,,,,,,,,,,,,,,,,
some-by-mi-cica-peptide-anti-hair-loss-derma-scalp-shampoo-285ml,,,,,,,,,,,,,,,,,,,,,,,,https://cdn.shopify.com/s/files/1/0853/0195/2795/files/71Yo4UgSBeL._AC_SY879.jpg?v=1708177253,4,"",,,,,,,,,,,,,,,,,,,,,,,,,,,,
some-by-mi-cica-peptide-anti-hair-loss-derma-scalp-treatment-50ml,Some By Mi Cica Peptide Anti Hair Loss Derma Scalp Treatment 50ml,"<div>
<p><span>ุชู ุชุฑููุจู ุจุชุฑููุฒ ุนุงูู ูู ููููุงุช CICA ูุชุฎููู ูุฑูุฉ ุงูุฑุฃุณ ุงููุฌูุฏุฉ ูุงููุชุงุนุจ.</span></p>
<div><span>ูุญุชูู ุนูู ูุฑูุจ ุฃุณูุฏ ูููุณุงุนุฏุฉ ูู ุฎูู ูุฑูุฉ ุฑุฃุณ ุตุญูุฉ ููุน ุงูุจููุชูู ูุชุบุฐูุฉ ูุฑูุฉ ุงูุฑุฃุณ ูููุณุงุนุฏุฉ ูู ุชุญููู ูุฑููุฉ ุดุนุฑ ุตุญูุฉ.</span></div>
<div><span>ุฅูู ููููุก ุจู 11 ููุนูุง ูู ุงูุจุจุชูุฏุงุช ูุชูููุฑ ุงูุฑุทูุจุฉ ูุงูููุงุฏ ุงููุบุฐูุฉ ูุดุนุฑ ูุงูุน ูุตุญู</span></div>
</div>
<ul></ul>",Victoria beauty,Health & Beauty,ูุณุชุญุถุฑุงุช ููุฑูุฉ,"",true,Size,โ4.5 x 4.5 x 16.5 cm; 0.19 Grams,,,,,VIT123-12,0.19,shopify,continue,manual,39.99,50.99,true,true,โ B08N6T5LN7,https://cdn.shopify.com/s/files/1/0853/0195/2795/files/51j32uRpyBL._AC_SY450.jpg?v=1707780864,1,"",false,,,,,,,,,,,,,,,g,,34.99,true,,,true,,,true,,,active
some-by-mi-cica-peptide-anti-hair-loss-derma-scalp-treatment-50ml,,,,,,,,,,,,,,,,,,,,,,,,https://cdn.shopify.com/s/files/1/0853/0195/2795/files/41FvrSDzokL._AC_SY450.jpg?v=1707780863,2,"",,,,,,,,,,,,,,,,,,,,,,,,,,,,
some-by-mi-cica-peptide-anti-hair-loss-derma-scalp-treatment-50ml,,,,,,,,,,,,,,,,,,,,,,,,https://cdn.shopify.com/s/files/1/0853/0195/2795/files/616rWbambqL._AC_SY741.jpg?v=1707780863,3,"",,,,,,,,,,,,,,,,,,,,,,,,,,,,
sun-block-la-roche-gel-cream,Sun Block La Roche Gel Cream,"<span data-mce-fragment=""1"">La Roche-Posay Anthelios UVmune 400 Gel-Crรจme Oil Control SPF50+ ูุน Parfum 50 ml ูู ูุฑูู ุดูุณู ุนุงูู ุงูุญูุงูุฉ (SPF50+) ููุจุดุฑุฉ ุงูุนุดุจูุฉ ูุงูุญุณุงุณุฉ.ย</span><span data-mce-fragment=""1"">ุชู ุชุฑููุจู ุจุงุณุชุฎุฏุงู ููุชุฑ UV Mexoryl 400 ุถุฏ ุฃุดุนุฉ UVA ูUVB.ย</span><span data-mce-fragment=""1"">ุชุนูู ุชูููุฉ ุงูุชุญูู ูู ุงูุฏููู ูู ุฎูุงู ุงูุฌุณููุงุช ุงูุฏูููุฉ Airlicium ุงูุชู ุชูุชุต ุงูุฏููู ุงูุฒุงุฆุฏุฉ ุจุดูู ููุฑู ูุชุณุงุนุฏ ุนูู ุงูุชุญูู ูู ูุตุงุฏุฑ ุงูุชุฃูู (ุงูุฏููู ูุงูุฌูุฏ ูุงูุฑุทูุจุฉ)ุ ูููุณุงุนุฏุฉ ูู ุชูููู ูุธูุฑ ุงูุฌูุฏ ุนูู ุทูู ุงูุฌูุฏ ูููุ ููู ุจุนุฏ ููู.ย</span><span data-mce-fragment=""1"">ููุงูู ูููุงุก ูุงูุฌูุฏ ูุงูุฑูู.ย</span><span data-mce-fragment=""1"">ูุณูุฌ ูุงุนู ุฅูู ุญุฏ ุบูุฑ ูุฑุฆูุ ุบูุฑ ุนุดุจู ูุจุฏูู ุขุซุงุฑ ุจูุถุงุก.ย</span><span data-mce-fragment=""1"">ุชู ุงุฎุชุจุงุฑู ุนูู ุงูุจุดุฑุฉ ุงูุญุณุงุณุฉ ูุงููุชูุงุนูุฉ ูุบูุฑ ุงููุชุณุงูุญุฉ ูุน ุงูุดูุณ</span>",Victoria beauty,Health & Beauty,ูุณุชุญุถุฑุงุช ููุฑูุฉ,"",true,Size,โ50 x 50 x 28 cm; 50 Grams,,,,,VIT123-13,50.0,shopify,continue,manual,85.99,97.99,true,true,B01N9GJVM3,https://cdn.shopify.com/s/files/1/0853/0195/2795/files/4095218358.jpg?v=1707781305,1,"",false,,,,,,,,,,,,,,,g,,80.99,true,,,true,,,true,,,active
sun-block-la-roche-gel-cream,,,,,,,,,,,,,,,,,,,,,,,,https://cdn.shopify.com/s/files/1/0853/0195/2795/files/4095236304.jpg?v=1707781305,2,"",,,,,,,,,,,,,,,,,,,,,,,,,,,,
sun-block-la-roche-gel-cream,,,,,,,,,,,,,,,,,,,,,,,,https://cdn.shopify.com/s/files/1/0853/0195/2795/files/4095243551.jpg?v=1707781197,3,"",,,,,,,,,,,,,,,,,,,,,,,,,,,,
terrazen-aqua-korean-face-skin-care-deep-moisturizing-nourishing-hydrating-essence-anti-aging-facial-care-serum-150ml-reduce-fine-line-wrinkle-with-natural-ingredients,"TERRAZEN AQUA Korean Face Skin Care Deep Moisturizing Nourishing Hydrating Essence - Anti Aging Facial Care Serum 150ml - Reduce Fine Line, Wrinkle with Natural Ingredients","<ul data-mce-fragment=""1"">
<li data-mce-fragment=""1""><span class=""a-list-item"" data-verified=""redactor"" data-redactor-tag=""span"" data-redactor-class=""a-list-item"" data-mce-fragment=""1""><span data-mce-fragment=""1"">ุฌููุฑ ุงูุนูุงุฌ: ุงูุฎุทูุฉ ุงูุฃููู ููุนูุงูุฉ ุจุงูุจุดุฑุฉ ุงูุฌุงูุฉ ูุงููุฌููุฉ.ยุฅูู ูุฑูู ุงูุจุดุฑุฉ ุงูุนุทุดู ุจุณุฑุนุฉ ูุนูู ููุญุตูู ุนูู ุจุดุฑุฉ ุฃูุซุฑ ูุนููุฉ ูุตุญุฉ.</span></span></li>
<li data-mce-fragment=""1""><span class=""a-list-item"" data-verified=""redactor"" data-redactor-tag=""span"" data-redactor-class=""a-list-item"" data-mce-fragment=""1""><span data-mce-fragment=""1"">HYDRA BOOSTER: ุชุฌูุน ูุฐู ุงูุชุฑููุจุฉ ุงููุชูุฏูุฉ ุจูู 7 ุฃูุฒุงู ูุฎุชููุฉ ูู ุฃุญูุงุถ ุงูููุงููุฑูููู ูุชุฑุทูุจ ูุชุนุฏุฏ ุงูุนูู.ยูุฐุง ุงููุธุงู ูุฏุนู ุจุฅุถุงูุฉ ุงูุจุงูุซูููู (ููุชุงููู ุจ5) ู3% ุจุฑูุจุงูุฏููู.</span></span></li>
<li data-mce-fragment=""1""><span class=""a-list-item"" data-verified=""redactor"" data-redactor-tag=""span"" data-redactor-class=""a-list-item"" data-mce-fragment=""1""><span data-mce-fragment=""1"">ุชุฌุฏูุฏ ุญุงุฌุฒ ุงูุจุดุฑุฉ: ูุฒูุฌ ูู ุงูุจุฑูุจููุชูู ูุงูุจุฑูุจููุชูู ูุฏุนู ูููุฑูุจููู ุงูุจุดุฑุฉ ููุฌุฏุฏ ุงูุจูุฆุฉ ุงูุฏูููุฉ ูุณุทุญ ุงูุจุดุฑุฉ ููุญุตูู ุนูู ูุธูุฑ ูุงุฏุฆ ููุชุณุงูู ูุตุญู.</span></span></li>
<li data-mce-fragment=""1""><span class=""a-list-item"" data-verified=""redactor"" data-redactor-tag=""span"" data-redactor-class=""a-list-item"" data-mce-fragment=""1""><span data-mce-fragment=""1"">ุฌููุฑ ุงูุชุฎููุฑ ุงูุฏููู: ูุณุงุนุฏู ุฌููุฑ ุงููุบุฐูุงุช ุงูุฏูููุฉ ุงููุฏุนูู ูู ูุฑุดุญ ุชุฎููุฑ ุจูููุฏุง ุนูู ุชุฌุฑุจุฉ ุชุบููุฑ ุฃุณุฑุน ูุชูุงุฒู ูุซุงูู.ยููู ูุณุงุนุฏ ุจุดุฑุชู ุนูู ุฃู ุชุจุฏู ุญูุฉ ููุงุจุถุฉ ุจุงูุญูุงุฉ ูุฃุตุบุฑ ุณูุงู ูุฃูุซุฑ ุตุญุฉ ุจุดูู ูุง ูุตุฏู.</span></span></li>
<li data-mce-fragment=""1""><span class=""a-list-item"" data-verified=""redactor"" data-redactor-tag=""span"" data-redactor-class=""a-list-item"" data-mce-fragment=""1""><span data-mce-fragment=""1"">ุชุฑููุจุฉ ูุทููุฉ ูุญุจุจุฉ ููุจุดุฑุฉ: ุฎูุงุตุฉ ุงูุนูุงุฌ ูุฐู ููุงุณุจุฉ ูุฌููุน ุฃููุงุน ุงูุจุดุฑุฉุ ุจูุง ูู ุฐูู ุงูุจุดุฑุฉ ุงูุฏูููุฉ ูุงูุฌุงูุฉ ูุงูุญุณุงุณุฉ [ุชู ุงุฎุชุจุงุฑูุง ูู ูุจู ุฃุทุจุงุก ุงูุฌูุฏูุฉ).</span></span></li>
</ul>",Victoria beauty,,ูุณุชุญุถุฑุงุช ููุฑูุฉ,"",true,Title,Default Title,,,,,VIT123-14,390.0,shopify,continue,manual,58.99,70.99,true,true,B0CJTW8MGY,https://cdn.shopify.com/s/files/1/0853/0195/2795/files/71Y51TkpNnL._AC_SY450.jpg?v=1707781776,1,"",false,,,,,,,,,,,,,,,g,,53.99,true,,,true,,,true,,,active
terrazen-aqua-korean-face-skin-care-deep-moisturizing-nourishing-hydrating-essence-anti-aging-facial-care-serum-150ml-reduce-fine-line-wrinkle-with-natural-ingredients,,,,,,,,,,,,,,,,,,,,,,,,https://cdn.shopify.com/s/files/1/0853/0195/2795/files/71v4X5Pu6QL._AC_SY450.jpg?v=1707781775,2,"",,,,,,,,,,,,,,,,,,,,,,,,,,,,
terrazen-aqua-korean-face-skin-care-deep-moisturizing-nourishing-hydrating-essence-anti-aging-facial-care-serum-150ml-reduce-fine-line-wrinkle-with-natural-ingredients,,,,,,,,,,,,,,,,,,,,,,,,https://cdn.shopify.com/s/files/1/0853/0195/2795/files/71eSQIuEgOL._AC_SY450.jpg?v=1707781775,3,"",,,,,,,,,,,,,,,,,,,,,,,,,,,,
terrazen-aqua-korean-face-skin-care-deep-moisturizing-nourishing-hydrating-essence-anti-aging-facial-care-serum-150ml-reduce-fine-line-wrinkle-with-natural-ingredients,,,,,,,,,,,,,,,,,,,,,,,,https://cdn.shopify.com/s/files/1/0853/0195/2795/files/71g8C7c-VAL._AC_SY450.jpg?v=1707781777,4,"",,,,,,,,,,,,,,,,,,,,,,,,,,,,
terrazen-aqua-korean-face-skin-care-deep-moisturizing-nourishing-hydrating-essence-anti-aging-facial-care-serum-150ml-reduce-fine-line-wrinkle-with-natural-ingredients,,,,,,,,,,,,,,,,,,,,,,,,https://cdn.shopify.com/s/files/1/0853/0195/2795/files/71EMWBr2DeL._AC_SY450.jpg?v=1707781774,5,"",,,,,,,,,,,,,,,,,,,,,,,,,,,,
tonymoly-pandas-dream-white-sleeping-pack,TONYMOLY Panda's Dream White Sleeping Pack,"<p data-mce-fragment=""1"">ุจูููุง ุชุญูู ุจุนูุฏูุงุ ูุนูู ููุงุน ุงูููู Panda's Dream ุจุฌุฏ ูุชูุชูุญ ููู ุจุดุฑุชูุ ุญุชู ุชุชููู ูู ุงูุงุณุชููุงุธ ุจุจุดุฑุฉ ุตุญูุฉ ููุถูุฆุฉ! ุงูุจุดุฑุฉ ุงูุฃูุซุฑ ูุนููุฉ ููุนููุฉ ุจุดูู ูุงุถุญ ูู ูุฌุฑุฏ ุฑุงุญุฉ ุฌูุฏุฉ ูู ุงูููู ูุน ููุงุนูุง ุงูุฎููู ุงููุฒู ูุงููุดุฑู.</p>
<div data-mce-fragment=""1"">
<div data-mce-fragment=""1""></div>
</div>",Victoria beauty,Health & Beauty,ูุณุชุญุถุฑุงุช ููุฑูุฉ,"",true,Size,โ6.99 x 6.99 x 7.62 cm; 453.59 Grams,,,,,VTI123-19,49.9,shopify,continue,manual,132.99,144.99,true,true,B071JDFW1L,https://cdn.shopify.com/s/files/1/0853/0195/2795/files/TOMO0037F_1.jpg?v=1707860078,1,"",false,,,,,,,,,,,,,,,g,,127.99,true,,,true,,,true,,,active
tonymoly-pandas-dream-white-sleeping-pack,,,,,,,,,,,,,,,,,,,,,,,,https://cdn.shopify.com/s/files/1/0853/0195/2795/files/51eoHQx3CiL._AC_UF1000_1000_QL80.jpg?v=1707860078,2,"",,,,,,,,,,,,,,,,,,,,,,,,,,,,
tonymoly-pandas-dream-white-sleeping-pack,,,,,,,,,,,,,,,,,,,,,,,,https://cdn.shopify.com/s/files/1/0853/0195/2795/files/Tony-Moly_Pandas-Dream_White-Sleeping-Pack.jpg?v=1707860077,3,"",,,,,,,,,,,,,,,,,,,,,,,,,,,,
tonymoly-tako-pore-blackhead-scrub-stick,TONYMOLY Tako Pore Blackhead Scrub Stick,"<span data-mce-fragment=""1"">ุชุฎูุตู ูู ุงูุฑุคูุณ ุงูุณูุฏุงุก ูุงูุฑุคูุณ ุงูุจูุถุงุก ุจุงุณุชุฎุฏุงู ุนุตุง ุงูุชูุธูู ุงูุฑุงุฆุนุฉ ูุงูุณุฑูุนุฉ!ย</span><span data-mce-fragment=""1"">ูุชููู ุชูุชู ุจูุณู ููุงู ุงูุฃุณูุฏ ูู ุญุจูุจุงุช ุงูุณููููุฒุ ููุฒูู ุงูุชูุฏู ุจุดูู ูุนุงู ูููุดุฑ ุงููุณุงู ุงูุณูุฏุงุก ูุณุญุจ ุงูุฑุคูุณ ูุงูุฑุคูุณ ุงูุจูุถุงุก ูุดูุงุฆุจ ุงูุฌูุฏ ุงูุขุฎุฑ ุญุชู ุชุจุฏู ุงูุจุดุฑุฉ ููุธูุฉ ุฃูุซุฑ ููุนููุฉ ูููุงุก. ููุจุดุฑุฉ</span>",Victoria beauty,Health & Beauty,ูุณุชุญุถุฑุงุช ููุฑูุฉ,"",true,Size,4.29 x 4.29 x 4.6 cm; 11.34 Grams,,,,,VTI123-18,4.6,shopify,continue,manual,70.99,85.99,true,true,B075GWQMP6,https://cdn.shopify.com/s/files/1/0853/0195/2795/files/art_thumb_95145.jpg?v=1707857150,1,"",false,,,,,,,,,,,,,,,g,,65.99,true,,,true,,,true,,,active
tonymoly-tako-pore-blackhead-scrub-stick,,,,,,,,,,,,,,,,,,,,,,,,https://cdn.shopify.com/s/files/1/0853/0195/2795/files/Tonimoly-Tako-Pore-Blackhead-Scrub-Stick-shopandshop-22_1.jpg?v=1707857150,2,"",,,,,,,,,,,,,,,,,,,,,,,,,,,,
etude-baking-powder-new-pore-cleansing-foam-160-ml,ุงูุชูุฏ ูุงูุณ ุจูููุฌ ุจุงูุฏุฑ ุฑุบูุฉ ูุชูุธูู ุงููุณุงูุ 160 ูู,"<ul>
<li><span>ุชุนูู ุฑุบูุฉ ุงูุชูุธูู ุงูุนููู ุงููุชุนุฏุฏุฉ ุนูู ุฅุฒุงูุฉ ุงูุดูุงุฆุจ ูุฎูุงูุง ุงูุฌูุฏ ุงูููุชุฉ ูู ุงููุณุงูย</span></li>
<li class=""a-spacing-mini""><span class=""a-list-item""><span><span>ูุนูู ูุณุญูู ุงูุฎุจุฒ ุงููุงุนู ุนูู ุชูุธูู ุจูุงูุง ุงููููุงุฌ ุจุดูู ูุนุงู ูู ุฎูุงู ุงูุฑุบูุฉ ุงููุฒุฌุฉ ุงููููุฑุฉ.</span></span></span></li>
<li>
<div data-cel-widget=""featurebullets_feature_div"" data-csa-c-id=""5m4wsy-57w9gj-5ff67e-5499uu"" data-csa-c-is-in-initial-active-row=""false"" data-csa-c-asin=""B06XB4T9G9"" data-csa-c-slot-id=""featurebullets_feature_div"" data-csa-c-content-id=""featurebullets"" data-csa-c-type=""widget"" data-feature-name=""featurebullets"" class=""celwidget"">
<div class=""a-section a-spacing-medium a-spacing-top-small"">
<ul class=""a-unordered-list a-vertical a-spacing-mini"">
<li class=""a-spacing-mini""><span class=""a-list-item""><span>ุจูู ุงููุฌู ุซู ูุฒุน ูููุฉ ุตุบูุฑุฉ ุนูู ุงููุฏูู. ูู ุจุนูู ุฑุบูุฉ ุซู ุถุนู ุงูุฑุบูุฉ ุนูู ุงููุฌูุ ููู ุจุชุฏููู </span></span></li>
<li class=""a-spacing-mini"">ุงูููุทูุฉ ุจุฃููููุง ุจูุทู. ุงุบุณูู ูุงุดุทูู ุฌูุฏูุง ุจุงููุงุก ุงูุฏุงูุฆ<br>
</li>
</ul>
</div>
</div>
</li>
<li>
<div data-cel-widget=""productDescription_feature_div"" data-csa-c-id=""bjk8kp-si1m7w-q33sip-ycoz9i"" data-csa-c-is-in-initial-active-row=""false"" data-csa-c-asin="""" data-csa-c-slot-id=""productDescription_feature_div"" data-csa-c-content-id=""productDescription"" data-csa-c-type=""widget"" data-feature-name=""productDescription"" class=""celwidget"" id=""productDescription_feature_div"">
<div>
<div data-cel-widget=""productDescription_feature_div"" class=""a-row feature"" id=""productDescription_feature_div"" data-template-name=""productDescription"" data-feature-name=""productDescription"">
<div class=""a-section a-spacing-small"" id=""productDescription"">
<p>ย</p>
</div>
</div>
</div>
</div>
<div data-cel-widget=""productDetailsWithModules_feature_div"" data-csa-c-id=""53fwt4-nwh35t-s3lcn8-vg3w59"" data-csa-c-is-in-initial-active-row=""false"" data-csa-c-asin="""" data-csa-c-slot-id=""productDetailsWithModules_feature_div"" data-csa-c-content-id=""productDetailsWithModules_feature_V2"" data-csa-c-type=""widget"" data-feature-name=""productDetailsWithModules_feature_V2"" class=""celwidget"" id=""productDetailsWithModules_feature_div""><a name=""productDetails"" id=""productDetails""></a></div>
</li>
</ul>
<div data-cel-widget=""productDescription_feature_div"" data-csa-c-id=""bjk8kp-si1m7w-q33sip-ycoz9i"" data-csa-c-is-in-initial-active-row=""false"" data-csa-c-asin="""" data-csa-c-slot-id=""productDescription_feature_div"" data-csa-c-content-id=""productDescription"" data-csa-c-type=""widget"" data-feature-name=""productDescription"" class=""celwidget"" id=""productDescription_feature_div"" style=""display: inline !important;"">
<div style=""display: inline !important;"">
<div data-cel-widget=""productDescription_feature_div"" class=""a-row feature"" id=""productDescription_feature_div"" data-template-name=""productDescription"" data-feature-name=""productDescription"" style=""display: inline !important;"">
<div class=""a-section a-spacing-small"" id=""productDescription"" style=""display: inline !important;"">
<p style=""display: inline !important;"">ุชู ุฅุทูุงูู ุจูุงุณุทุฉ ุฅูุชูุฏ ูุงูุณุ ููู ุนูุงูุฉ ุชุฌุงุฑูุฉ ุฑุงุฆุฏุฉ ูู ูุฌุงู ูุณุชุญุถุฑุงุช ุงูุชุฌููู ุงูููููุฉ ูููููุงุฌ ูู ููุฑูุง ุงูุฌููุจูุฉ ููุนุฑููุฉ ุจูุฌููุนุชูุง ุงููุงุณุนุฉ ูู ููุชุฌุงุช ุงูุนูุงูุฉ ุจุงูุจุดุฑุฉ ูุงููููุงุฌ ุนุงููุฉ ุงูุฌูุฏุฉ.</p>
</div>
</div>
</div>
</div>
<div data-cel-widget=""renewedProgramDescriptionBtf_feature_div"" data-csa-c-id=""chu1ht-7uj4b9-i4gsch-pbx6dp"" data-csa-c-is-in-initial-active-row=""false"" data-csa-c-asin="""" data-csa-c-slot-id=""renewedProgramDescriptionBtf_feature_div"" data-csa-c-content-id=""renewedProgramDescriptionBtf"" data-csa-c-type=""widget"" data-feature-name=""renewedProgramDescriptionBtf"" class=""celwidget"" id=""renewedProgramDescriptionBtf_feature_div""><br></div>
<div data-cel-widget=""aplus_feature_div"" data-csa-c-id=""hzlr85-l5rnno-kkp765-71l1z3"" data-csa-c-is-in-initial-active-row=""false"" data-csa-c-asin="""" data-csa-c-slot-id=""aplus_feature_div"" data-csa-c-content-id=""aplus"" data-csa-c-type=""widget"" data-feature-name=""aplus"" class=""celwidget"" id=""aplus_feature_div""><br></div>
<div data-cel-widget=""buffetServiceCard_feature_div"" data-csa-c-id=""bpjxfw-28xnk9-xjdgol-4a68lb"" data-csa-c-is-in-initial-active-row=""false"" data-csa-c-asin="""" data-csa-c-slot-id=""buffetServiceCard_feature_div"" data-csa-c-content-id=""buffetServiceCard"" data-csa-c-type=""widget"" data-feature-name=""buffetServiceCard"" class=""celwidget"" id=""buffetServiceCard_feature_div"">
<div data-cel-widget=""buffet-disclaimers-card_DetailPage_1"" data-csa-c-id=""ysgowl-z53l0a-7l7rv2-s53ncu"" data-csa-c-painter=""buffet-disclaimers-card-cards"" data-csa-c-type=""widget"" data-csa-c-slot-id=""DsUnknown-2"" data-csa-c-content-id=""DsUnknown"" data-csa-op-log-render="""" class=""celwidget c-f"" cel_widget_id=""buffet-disclaimers-card_DetailPage_1"">
<div data-card-metrics-id=""buffet-disclaimers-card_DetailPage_1"" id=""CardInstanceqbP7wj8sn7a8IX0KFhqlEA""><br style=""font-size: 0.875rem;""></div>
</div>
</div>
<ul>
<li>
<div class=""a-section content"" data-mce-fragment=""1"">
<p data-mce-fragment=""1""><span data-mce-fragment=""1"">ููุงุณุชุฎุฏุงู ุงูุฎุงุฑุฌู ููุท. ุชุฌูุจ ููุงูุณุฉ ุงูุนูููู. ูุญูุธ ุจุนูุฏุง ุนู ูุชูุงูู ุงูุฃุทูุงู. ุชููู ุนู ุงูุงุณุชุฎุฏุงู ูู ุญุงูุฉ ุธููุฑ ุนูุงูุงุช ุงูุชููุฌ ู/ุฃู ุงูุทูุญ ุงูุฌูุฏู.</span></p>
<p data-mce-fragment=""1"">ย<br data-mce-fragment=""1""></p>
</div>
<div class=""a-section content"" data-mce-fragment=""1"">
<div class=""a-section content"">
<p><span>ุฌููุณุฑููุ ูุงุกุ ุญุงูุถ ุฏูููุ ุญุงูุถ ููุฑูุณุชููุ ุจููู ุฅูุซูููู ุฌูุงูููู-32ุ ููุฏุฑููุณูุฏ ุงูุจูุชุงุณูููุ ุงูุณููููุฒ ุงูุฌุฑูุฒูููููููุ ุญูุถ ุงูููุฑููุ ุจูุชูู ูููุงููุฏูุจุฑูุจููุ ุณุชูุฑุงุช ุงูุฌููุณุฑููุ ุจููุฑุจููุงุช ุงูุตูุฏููู (0.1%)ุ ุซูุงุฆู ุงูุตูุฏููู ุฅุฏุชุงุ ุณููููุงุ ุจููู ููุงุชูุฑูููู-7ุ ุจููู ุฅูุซูููู ุฌูุงูููู-100 ุณุชูุฑุงุชุ ุจููู ุฅูุซูููู ุฌููููู-7 ุฌูุฒ ุงูููุฏ ุบููุณูุฑููุ ุจูุฒูุงุช ุงูุตูุฏูููุ ุนุทุฑ.</span></p>
<p>ย<br></p>
</div>
<div class=""a-section content""></div>
</div>
<div data-cel-widget=""featurebullets_feature_div"" data-csa-c-id=""5m4wsy-57w9gj-5ff67e-5499uu"" data-csa-c-is-in-initial-active-row=""false"" data-csa-c-asin=""B06XB4T9G9"" data-csa-c-slot-id=""featurebullets_feature_div"" data-csa-c-content-id=""featurebullets"" data-csa-c-type=""widget"" data-feature-name=""featurebullets"" class=""celwidget"">
<div class=""a-section a-spacing-medium a-spacing-top-small""><span data-resolver=""CQResolver"" data-position="""" data-edit-data-state=""featureBulletsEDPEditData"" data-display-name=""Bullet Points"" data-custom-event-handler="""" data-feature-container-id="""" data-metadata=""CATALOG"" data-defects='[{""id"":""defect-mismatch-info"",""value"":""Different from product""},{""id"":""defect-missing-information"",""value"":""Missing information""},{""id"":""defect-unessential-info"",""value"":""Unimportant information""},{""id"":""defect-other-productinfo-issue"",""value"":""Other""}]' data-data-hash=""3886581258"" data-edp-asin=""B06XB4T9G9"" data-edp-feature-name=""featurebullets"" class=""edp-feature-declaration""></span></div>
</div>
</li>
</ul>",Victoria beauty,Health & Beauty,ูุณุชุญุถุฑุงุช ููุฑูุฉ,"",true,Size,โ4 x 6 x 16 cm; 160 Grams,,,,,VTI123-3,160.0,shopify,continue,manual,45.99,71.99,true,true,โ B06XB4T9G9,https://cdn.shopify.com/s/files/1/0853/0195/2795/files/110090458__baking_powder_pore_cleansing_foam_new_160ml.jpg?v=1707770895,1,"",false,,,,,,,,,,,,,,,g,,40.99,true,,,true,,,true,,,active
etude-baking-powder-new-pore-cleansing-foam-160-ml,,,,,,,,,,,,,,,,,,,,,,,,https://cdn.shopify.com/s/files/1/0853/0195/2795/files/870aaa03fb7035462b6313780d06d52e.jpg?v=1707770895,2,"",,,,,,,,,,,,,,,,,,,,,,,,,,,,
etude-baking-powder-new-pore-cleansing-foam-160-ml,,,,,,,,,,,,,,,,,,,,,,,,https://cdn.shopify.com/s/files/1/0853/0195/2795/files/ETUDE-HOUSE-Baking-Powder-Pore-Cleansing-Foam-160ml-600x600.jpg?v=1707770895,3,"",,,,,,,,,,,,,,,,,,,,,,,,,,,,
etude-baking-powder-new-pore-cleansing-foam-160-ml,,,,,,,,,,,,,,,,,,,,,,,,https://cdn.shopify.com/s/files/1/0853/0195/2795/files/4113331633.jpg?v=1707770895,4,"",,,,,,,,,,,,,,,,,,,,,,,,,,,,
